0,fcjf0
1,fdaw0
2,fdml0
3,fecd0
4,fetb0
5,fjsp0
6,fkfb0
7,fmem0
8,fsah0
9,fsjk1
10,fsma0
11,ftbr0
12,fvfb0
13,fvmh0
14,mcpm0
15,mdac0
16,mdpk0
17,medr0
18,mgrl0
19,mjeb1
20,mjwt0
21,mkls0
22,mklw0
23,mmgg0
24,mmrp0
25,mpgh0
26,mpgr0
27,mpsw0
28,mrai0
29,mrcg0
30,mrdd0
31,mrso0
32,mrws0
33,mtjs0
34,mtpf0
35,mtrr0
36,mwad0
37,mwar0
38,faem0
39,fajw0
40,fcaj0
41,fcmm0
42,fcyl0
43,fdas1
44,fdnc0
45,fdxw0
46,feac0
47,fhlm0
48,fjkl0
49,fkaa0
50,flma0
51,flmc0
52,fmjb0
53,fmkf0
54,fmmh0
55,fpjf0
56,frll0
57,fscn0
58,fskl0
59,fsrh0
60,ftmg0
61,marc0
62,mbjv0
63,mcew0
64,mctm0
65,mdbp0
66,mdem0
67,mdlb0
68,mdlc2
69,mdmt0
70,mdps0
71,mdss0
72,mdwd0
73,mefg0
74,mhrm0
75,mjae0
76,mjbg0
77,mjde0
78,mjeb0
79,mjhi0
80,mjma0
81,mjmd0
82,mjpm0
83,mjrp0
84,mkah0
85,mkaj0
86,mkdt0
87,mkjo0
88,mmaa0
89,mmag0
90,mmds0
91,mmgk0
92,mmxs0
93,mppc0
94,mprb0
95,mrab0
96,mrcw0
97,mrfk0
98,mrgs0
99,mrhl0
100,mrjh0
101,mrjm0
102,mrjm1
103,mrjt0
104,mrlj0
105,mrlr0
106,mrms0
107,msat0
108,mtat1
109,mtbc0
110,mtdb0
111,mtjg0
112,mwsb0
113,mzmb0
114,falk0
115,fcke0
116,fcmg0
117,fdfb0
118,fdjh0
119,feme0
120,fgcs0
121,fgrw0
122,fjlg0
123,fjlr0
124,flac0
125,fljd0
126,fltm0
127,fmjf0
128,fntb0
129,fpaz0
130,fsjs0
131,fsjw0
132,fskc0
133,fsls0
134,madc0
135,makb0
136,makr0
137,mapv0
138,mbef0
139,mcal0
140,mcdc0
141,mcdd0
142,mcef0
143,mdbb1
144,mddc0
145,mdef0
146,mdhs0
147,mdjm0
148,mdlc0
149,mdlh0
150,mdns0
151,mdss1
152,mdtb0
153,mdwm0
154,mfmc0
155,mgaf0
156,mhjb0
157,mhmr0
158,milb0
159,mjda0
160,mjjb0
161,mjkr0
162,mjlg1
163,mjrh1
164,mkls1
165,mkxl0
166,mlns0
167,mmam0
168,mmar0
169,mmeb0
170,mmjb1
171,mmsm0
172,mprd0
173,mrbc0
174,mrds0
175,mree0
176,mreh1
177,mrjb1
178,mrtc0
179,mrtj0
180,mrwa0
181,msfv0
182,mtjm0
183,mtkp0
184,mtlb0
185,mtpg0
186,mtpp0
187,mvjh0
188,mwdk0
189,mwgr0
190,falr0
191,fbas0
192,fbmj0
193,fcag0
194,fdkn0
195,feeh0
196,fjwb1
197,fjxp0
198,fkdw0
199,fklc0
200,flhd0
201,flkm0
202,fpaf0
203,fsak0
204,fssb0
205,maeb0
206,marw0
207,mbma0
208,mbwp0
209,mcdr0
210,mcss0
211,mdcd0
212,mdma0
213,mesg0
214,mfrm0
215,mfwk0
216,mgag0
217,mgjc0
218,mgrp0
219,mgxp0
220,mjac0
221,mjdc0
222,mjee0
223,mjjj0
224,mjlb0
225,mjls0
226,mjmm0
227,mjpm1
228,mjrh0
229,mjsr0
230,mjws0
231,mjxl0
232,mkam0
233,mlbc0
234,mlel0
235,mljc0
236,mljh0
237,mlsh0
238,mmbs0
239,mmdm0
240,mmgc0
241,mnet0
242,mpeb0
243,mprk0
244,mprt0
245,mrab1
246,mrfl0
247,mrgm0
248,mrsp0
249,msfh0
250,msmc0
251,msms0
252,msrg0
253,mstf0
254,mtas0
255,mtqc0
256,mtrc0
257,mtrt0
258,fbjl0
259,fbmh0
260,fcdr1
261,fdmy0
262,fdtd0
263,fear0
264,fexm0
265,fgdp0
266,fgmb0
267,fjxm0
268,fkkh0
269,flja0
270,fljg0
271,flmk0
272,flod0
273,fmpg0
274,fpmy0
275,fsag0
276,fsdc0
277,fsjg0
278,fskp0
279,fsmm0
280,fsms1
281,ftbw0
282,ftlg0
283,mbgt0
284,mchl0
285,mclm0
286,mdas0
287,mdhl0
288,mdsj0
289,mdwh0
290,megj0
291,mewm0
292,mfer0
293,mges0
294,mgsh0
295,mhit0
296,mhmg0
297,mjdm0
298,mjfh0
299,mjpg0
300,mjrg0
301,mjwg0
302,mjxa0
303,mmab1
304,mmcc0
305,mmdm1
306,mmvp0
307,mmwb0
308,mpmb0
309,mram0
310,mrav0
311,mrew1
312,mrkm0
313,mrld0
314,mrml0
315,mrvg0
316,msas0
317,msdh0
318,msem1
319,msrr0
320,mtat0
321,mtdp0
322,mtmt0
323,mvlo0
324,mwac0
325,mwch0
326,mwem0
327,mwsh0
328,fapb0
329,fbch0
330,fhxs0
331,fjdm2
332,fklc1
333,flag0
334,fmju0
335,fpad0
336,frjb0
337,fsbk0
338,fsdj0
339,fsgf0
340,ftaj0
341,mabc0
342,majp0
343,mbma1
344,mcae0
345,mdrd0
346,meal0
347,mejl0
348,mesj0
349,mjrk0
350,mkes0
351,mkln0
352,mmdb0
353,mpgr1
354,mrmb0
355,mrxb0
356,msat1
357,msds0
358,msjk0
359,msmr0
360,msvs0
361,mtju0
362,mtxs0
363,fblv0
364,fcjs0
365,fcrz0
366,fjen0
367,fjhk0
368,fjrp1
369,fjsk0
370,fkde0
371,fksr0
372,fleh0
373,flet0
374,fmah1
375,fmkc0
376,fpab1
377,fpac0
378,freh0
379,fspm0
380,fvkb0
381,madd0
382,maeo0
383,mafm0
384,mbar0
385,mbbr0
386,mbml0
387,mbom0
388,mbth0
389,mclk0
390,mcre0
391,mcth0
392,mdcm0
393,mded0
394,mdks0
395,mdlc1
396,mdlm0
397,mdlr0
398,mdlr1
399,mdpb0
400,mfxs0
401,mfxv0
402,mgak0
403,mgar0
404,mgaw0
405,mgsl0
406,mhbs0
407,mhxl0
408,mjai0
409,mjdg0
410,mjfr0
411,mjjm0
412,mjra0
413,mkag0
414,mkdb0
415,mklr0
416,mmdg0
417,mmws1
418,mntw0
419,mpar0
420,mpfu0
421,mrem0
422,mrlj1
423,mrmg0
424,mrmh0
425,mrpc1
426,msah1
427,msdb0
428,mses0
429,mtab0
430,mter0
431,mtkd0
432,mtlc0
433,mtml0
434,mtmn0
435,mtpr0
436,mtwh1
437,mvrw0
438,mwre0
439,mwrp0
440,fbcg1
441,fceg0
442,fclt0
443,fjrb0
444,fklh0
445,fmbg0
446,fnkl0
447,fpls0
448,mbcg0
449,mbsb0
450,mcxm0
451,mejs0
452,mkdd0
453,mkrg0
454,mmea0
455,mmlm0
456,mmpm0
457,mmws0
458,mrdm0
459,mrlk0
460,mrre0
461,mtcs0
